,WalkID,SiteID,Time,Floor,x,y,reading_0_TYPE_BEACON,reading_0_TYPE_WIFI,reading_1_TYPE_BEACON,reading_1_TYPE_WIFI,reading_2_TYPE_BEACON,reading_2_TYPE_WIFI,reading_3_TYPE_BEACON,reading_3_TYPE_WIFI,reading_4_TYPE_BEACON,reading_4_TYPE_WIFI,reading_5_TYPE_BEACON,reading_5_TYPE_WIFI,reading_6_TYPE_BEACON,reading_6_TYPE_WIFI,reading_7_TYPE_BEACON,reading_7_TYPE_WIFI,reading_8_TYPE_BEACON,reading_8_TYPE_WIFI
1,1,5a0546857ecc773753327266,1.57846E+12,-1,198.36833,163.52063,0,,0,,0,,-56,,-76,,9.586529273,,0,,1.57846E+12,,0,
2,2,5a0546857ecc773753327266,1.57846E+12,-1,203.69691,157.82071,0,,0,,0,,-56,,-87,,26.97648999,,0,,1.57846E+12,,0,
3,3,5a0546857ecc773753327266,1.57846E+12,-1,203.69691,157.82071,0,,0,,0,,-56,,-86,,24.68562491,,0,,1.57846E+12,,0,
5,5,5a0546857ecc773753327266,1.57846E+12,-1,204.5289,162.11609,0,,0,,0,,-56,,-80,,14.18259551,,0,,1.57846E+12,,0,
6,6,5a0546857ecc773753327266,1.57846E+12,-1,210.86192,165.37608,0,,0,,0,,-56,,-86,,24.68562491,,0,,1.57846E+12,,0,
7,7,5a0546857ecc773753327266,1.57846E+12,-1,210.86192,165.37608,0,,0,,0,,-56,,-94,,48.89756884,,0,,1.57846E+12,,0,
